INSERT INTO users VALUES
('C001','Kirito','password','01','c001@tortoise.com','Kirigaya Kasuto','Aincrad','','M',18,'Black Swordmans'),
('C002','SungAjin','PASSWORD','02','c002@tortoise.com','Sung Jin Woo','Korea','','M',19,'Humanity''s Worst Weapon'),
('C003','Guwon','00000000','03','c003@tortoise.com','Gu Won','King the Land','','M',25,''),
('C004','Jack','abcdefgh','04','c004@tortoise.com','Jack Dawson','Titanic','','M',27,''),
('C005','Eric','12345678','05','c005@tortoise.com','Prince Eric','Palace','','M',19,''),
('C006','Sebastian','passcode','06','c006@tortoise.com','Sebastian Wilder','Sebs Bar','','M',26,'Jazz Pianist'),
('C007','Kudo','Password','07','c007@tortoise.com','Shinichi Kudo','Hiroshi Agasa''s Home','','M',22,'Conan Kun'),
('C008','Aladdin','PassWord','08','c008@tortoise.com','Aladdin','Carpet','','M',19,''),
('C009','Pete','PassCode','09','c009@tortoise.com','Peter Parker','Avengers','','M',18,'Spider Man'),
('C010','Woody','Passcode','10','c010@tortoise.com','Woody Gay','Desert','','U',21,''),
('P001','Kiddo','PASSCODE','11','p001@tortoise.com','Kid Behind Rock','Behind the Rock','','M',9,''),
('P002','Not MJ','PASS1234','12','p002@tortoise.com','Gwen Stacy','Gwen''s Home','','F',18,''),
('P003','Jasmine','password1234','13','p003@tortoise.com','Jasmine','The Sultan''s Palace','','F',19,''),
('P004','RanMouri','0912345678','14','p004@tortoise.com','Ran Mouri','Kogoro''s Office','','F',22,''),
('P005','MiaHolly','provider','15','p005@tortoise.com','Mia Dolan','Hollywood','','F',25,''),
('P006','Ariel','PROVIDER','16','p006@tortoise.com','Ariel','Underwater','','F',19,'Little Mermaid'),
('P007','Rose','1234pass','17','p007@tortoise.com','Rose Dewitt','Titanic','','F',26,''),
('P008','Sarang','PASS0000','18','p008@tortoise.com','Cheon Sa Rang','King the Land','','F',23,''),
('P009','Hunter Cha','PASS9999','19','p009@tortoise.com','Cha Hae In','Hunters Guild','','F',19,'First S-Class Female Hunter'),
('P010','Asuna','password69','20','p010@tortoise.com','Yuuki Asuna','Aincrad','','F',18,'Lightning Flash'),
('A001','Ruthless','********','99','adminruthless@tortoise.com','Ruthless of God','Heaven','','M',20,'Angel Admin');

INSERT INTO user_hobby VALUES
('C001','Game'),
('C002','Dungeon'),
('C003','Travel'),
('C004','Chess'),
('C005','Sports'),
('P002','Café'),
('P004','Karate'),
('P006','Scuba'),
('P008','Travel'),
('P010','Game'),
('A001','Everything');

INSERT INTO customer VALUES
('C001'),
('C002'),
('C003'),
('C004'),
('C005'),
('C006'),
('C007'),
('C008'),
('C009'),
('C010');

INSERT INTO provider VALUES
('P001'),
('P002'),
('P003'),
('P004'),
('P005'),
('P006'),
('P007'),
('P008'),
('P009'),
('P010'),
('A001');

INSERT INTO appointment VALUES
('3NA0PU0U','12/12/2025 9:10',500,'Home','Game','12/13/2025 9:10','12/13/2025 10:10','L005','R001','T001'            ),
('5DQUOC5D','12/13/2025 9:10',600,'','Movie','12/14/2025 9:10','12/14/2025 10:10','L010','R002','T002'               ),
('BFITHAEX','12/14/2025 9:10',1000,'','Karaoke','12/15/2025 9:10','12/15/2025 11:10','L003','R003','T003'            ),
('NO19XPRH','12/15/2025 9:10',400,'','Lunch','12/16/2025 9:10','12/16/2025 10:10','L005','R004','T004'               ),
('NEE4HRWM','12/16/2025 9:10',500,'Might Rain','Basketball','12/17/2025 9:10','12/17/2025 10:10','L001','R005','T005'),
('L7TJW1ZW','12/17/2025 9:10',700,'Home','Game','12/18/2025 9:10','12/18/2025 10:10','L005','R006','T006'            ),
('FEXDDEQ5','12/18/2025 9:10',500,'Home','Game','12/19/2025 9:10','12/19/2025 10:10','L001','R007','T007'            ),
('ZYXRFFN8','12/19/2025 9:10',500,'','Game','12/20/2025 9:10','12/20/2025 10:10','L006','R008','T008'                ),
('TU8RTIF9','12/20/2025 9:10',1000,'Might Rain','Football','12/21/2025 9:10','12/21/2025 11:10','L001','R009','T009' ),
('JSCOVTHT','12/21/2025 9:10',800,'Home','Karaoke','12/22/2025 9:10','12/22/2025 10:10','L005','R010','T010'         ),
('QMI27KXF','12/22/2025 9:10',600,'','Movie','12/23/2025 9:10','12/23/2025 10:10','L003','R011','T011'               ),
('T3OU5FTO','12/23/2025 9:10',700,'','Lunch','12/24/2025 9:10','12/24/2025 10:10','L009','R012','T012'               ),
('Z91KTSED','12/24/2025 9:10',400,'Might Rain','Travel','12/25/2025 9:10','12/25/2025 10:10','L010','R013','T013'    ),
('8OJDFI3B','12/25/2025 9:10',900,'','Dinner','12/26/2025 9:10','12/26/2025 10:10','L001','R014','T014'              ),
('2QUF4L9Y','12/26/2025 9:10',600,'','Café','12/27/2025 9:10','12/27/2025 10:10','L005','R015','T015'                ),
('NW1XVHH8','12/27/2025 9:10',500,'Home','Game','12/28/2025 9:10','12/28/2025 10:10','L006','R016','T016'            ),
('39CP62GC','12/28/2025 9:10',700,'','Movie','12/29/2025 9:10','12/29/2025 10:10','L003','R017','T017'               ),
('6VC03SV3','12/29/2025 9:10',400,'Home','Movie','12/30/2025 9:10','12/30/2025 10:10','L004','R018','T018'           ),
('923R4RBP','12/30/2025 9:10',1000,'','Game','12/31/2025 9:10','12/31/2025 11:10','L006','R019','T019'               ),
('UWRPDMH5','12/31/2025 9:10',1000000,'RBSC','Golf','1/1/2026 9:10','5/1/2026 10:10','L011','R020','T020'            );

INSERT INTO appointment_rating VALUES
('R001','Great',9),
('R002','',3),
('R003','Some unacceptable personality',3),
('R004','',9),
('R005','Horrible!',1),
('R006','',8),
('R007','',8),
('R008','Need to improve',2),
('R009','',8),
('R010','',3),
('R011','',9),
('R012','',8),
('R013','Nice',7),
('R014','Neutral',6),
('R015','',2),
('R016','Little Awkward',5),
('R017','Good',8),
('R018','',5),
('R019','Makes me feel bad sometimes',4),
('R020','Perfect',10);

INSERT INTO appointment_transaction VALUES
('T001','CC',500,'1/1/2022 9:00'),
('T002','CC',600,'1/2/2022 9:00'),
('T003','MB',1000,'1/3/2022 9:00'),
('T004','CC',400,'1/4/2022 9:00'),
('T005','MB',500,'1/5/2022 9:00'),
('T006','CC',700,'1/6/2022 9:00'),
('T007','CC',500,'1/7/2022 9:00'),
('T008','MB',500,'1/8/2022 9:00'),
('T009','MB',1000,'1/9/2022 9:00'),
('T010','CC',800,'1/10/2022 9:00'),
('T011','MB',600,'1/11/2022 9:00'),
('T012','MB',700,'1/12/2022 9:00'),
('T013','CC',400,'1/13/2022 9:00'),
('T014','MB',900,'1/14/2022 9:00'),
('T015','CC',600,'1/15/2022 9:00'),
('T016','CC',500,'1/16/2022 9:00'),
('T017','MB',700,'1/17/2022 9:00'),
('T018','MB',400,'1/18/2022 9:00'),
('T019','MB',1000,'1/19/2022 9:00'),
('T020','CC',1000000,'1/20/2022 9:00');

INSERT INTO make_appointment VALUES
('P010','C008','3NA0PU0U'),
('P002','C005','5DQUOC5D'),
('P005','C003','BFITHAEX'),
('P003','C010','NO19XPRH'),
('P009','C002','NEE4HRWM'),
('P001','C004','L7TJW1ZW'),
('P009','C010','FEXDDEQ5'),
('P003','C009','ZYXRFFN8'),
('P002','C001','TU8RTIF9'),
('P003','C007','JSCOVTHT'),
('P010','C003','QMI27KXF'),
('P006','C009','T3OU5FTO'),
('P007','C005','Z91KTSED'),
('P007','C001','8OJDFI3B'),
('P007','C007','2QUF4L9Y'),
('P005','C009','NW1XVHH8'),
('P005','C005','39CP62GC'),
('P010','C007','6VC03SV3'),
('P003','C003','923R4RBP'),
('A001','C005','UWRPDMH5');

INSERT INTO filter VALUES
('P001','L001',FALSE),
('P002','L002',FALSE),
('P003','L003',FALSE),
('P004','L004',FALSE),
('P005','L005',FALSE),
('P006','L006',FALSE),
('P007','L007',FALSE),
('P008','L008',FALSE),
('P009','L009',FALSE),
('P010','L010',FALSE),
('A001','L011',FALSE);

INSERT INTO activity_filter VALUES
('P001','L001','Game'),
('P002','L002','Dungeon'),
('P003','L003','Travel'),
('P004','L004','Chess'),
('P005','L005','Sports'),
('P006','L006','Café'),
('P007','L007','Karate'),
('P008','L008','Scuba'),
('P009','L009','Travel'),
('P010','L010','Game'),
('A001','L011','Everything');

INSERT INTO search_by VALUES
('P002','C001','L002'),
('P004','C001','L004'),
('P005','C002','L006'),
('P006','C003','L008'),
('P007','C004','L010'),
('A001','C005','L001'),
('P001','C005','L003'),
('P001','C006','L005'),
('P002','C006','L007'),
('P003','C007','L009'),
('P004','C007','L011'),
('P005','C007','L001'),
('P006','C008','L002'),
('P007','C009','L003'),
('P008','C009','L004'),
('P001','C010','L005'),
('P002','C010','L006'),
('P003','C010','L007'),
('P004','C010','L008'),
('P005','C010','L009'),
('P006','C010','L010'),
('P007','C010','L011'),
('P008','C010','L011'),
('P009','C010','L011');

INSERT INTO chatroom VALUES
('CHAT001'),
('CHAT002'),
('CHAT003'),
('CHAT004'),
('CHAT005'),
('CHAT006'),
('CHAT007'),
('CHAT008'),
('CHAT009'),
('CHAT00A'),
('CHAT00B'),
('CHAT00C'),
('CHAT00D'),
('CHAT00E'),
('CHAT00F'),
('CHAT010'),
('CHAT011'),
('CHAT012'),
('CHAT013'),
('CHAT014'),
('CHAT015'),
('CHAT016'),
('CHAT017'),
('CHAT018'),
('CHAT019'),
('CHAT01A'),
('CHAT01B'),
('CHAT01C'),
('CHAT01D'),
('CHAT01E'),
('CHAT01F');

INSERT INTO chat VALUES
('P010','C008','CHAT001'),
('P002','C005','CHAT002'),
('P005','C003','CHAT003'),
('P003','C010','CHAT004'),
('P009','C002','CHAT005'),
('P001','C004','CHAT006'),
('P009','C010','CHAT007'),
('P003','C002','CHAT008'),
('P002','C001','CHAT009'),
('P003','C007','CHAT00A'),
('P010','C003','CHAT00B'),
('P006','C009','CHAT00C'),
('P007','C005','CHAT00D'),
('P007','C001','CHAT00E'),
('P007','C007','CHAT00F'),
('P005','C009','CHAT010'),
('P005','C005','CHAT011'),
('P010','C007','CHAT012'),
('P003','C003','CHAT013'),
('A001','C005','CHAT014'),
('P001','C006','CHAT015'),
('P002','C006','CHAT016'),
('P003','C006','CHAT017'),
('P004','C006','CHAT018'),
('P005','C006','CHAT019'),
('P006','C006','CHAT01A'),
('P007','C006','CHAT01B'),
('P008','C006','CHAT01C'),
('P009','C006','CHAT01D'),
('P010','C006','CHAT01E'),
('A001','C010','CHAT01F');

INSERT INTO message VALUES
('C008','4/22/2022 10:34','CHAT001','','Hi, Let''s Meet'),
('P010','4/23/2022 10:34','CHAT001','','OK'),
('C005','4/24/2022 10:34','CHAT002','','Yooooo'),
('P002','4/25/2022 10:34','CHAT002','','Creating Appointment'),
('A001','4/26/2022 10:34','CHAT01F','','Hi'),
('C003','4/27/2022 10:34','CHAT003','','Hello'),
('P005','4/28/2022 10:34','CHAT003','','Hi'),
('C003','4/29/2022 10:34','CHAT003','','You nigga'),
('P005','4/30/2022 10:34','CHAT003','','Shutup asian'),
('C003','5/1/2022 10:34','CHAT003','','fuck you'),
('P005','5/2/2022 10:34','CHAT003','','tell your father to use condom next time'),
('C005','5/3/2022 10:34','CHAT00D','','nigeria country'),
('P007','5/4/2022 10:34','CHAT00D','','asia'),
('C005','5/5/2022 10:34','CHAT00D','','noodle'),
('P007','5/6/2022 10:34','CHAT00D','','fuck you'),
('C005','5/7/2022 10:34','CHAT00D','','fu ck er'),
('P007','5/8/2022 10:34','CHAT00D','','hemp n I g g e r'),
('C005','5/9/2022 10:34','CHAT00D','','appoint'),
('P005','5/10/2022 10:34','CHAT010','','shit'),
('P005','5/11/2022 10:34','CHAT011','','shite'),
('P010','5/12/2022 10:34','CHAT012','','motherfucker'),
('P003','5/13/2022 10:34','CHAT013','','fuck dad bad sex'),
('A001','5/14/2022 10:34','CHAT014','','nigger'),
('P001','5/15/2022 10:34','CHAT015','','black boy'),
('P002','5/16/2022 10:34','CHAT016','','no appointment anymore'),
('P003','5/17/2022 10:34','CHAT017','','niger'),
('P004','5/18/2022 10:34','CHAT018','','nigger'),
('P005','5/19/2022 10:34','CHAT019','','fuck smash'),
('C009','5/20/2022 10:34','CHAT010','','smash shit'),
('C005','5/21/2022 10:34','CHAT011','','bullshit'),
('C007','5/22/2022 10:34','CHAT012','','your shithead'),
('C003','5/23/2022 10:34','CHAT013','','fuck you too'),
('C005','5/24/2022 10:34','CHAT014','','cause you''re fucking shite'),
('C006','5/25/2022 10:34','CHAT015','','yes'),
('C006','5/26/2022 10:34','CHAT016','','no'),
('C006','5/27/2022 10:34','CHAT017','','ok'),
('C006','5/28/2022 10:34','CHAT018','','you black nigger shall shutup'),
('C006','5/29/2022 10:34','CHAT019','','better soceity please');